[
  {"name":"cats","nsfw":false,"subscribers":3450000},
  {"name":"aww","nsfw":false,"subscribers":31000000},
  {"name":"pics","nsfw":false,"subscribers":29000000},
  {"name":"funny","nsfw":false,"subscribers":48000000},
  {"name":"todayilearned","nsfw":false,"subscribers":30000000},
  {"name":"science","nsfw":false,"subscribers":30000000},
  {"name":"gaming","nsfw":false,"subscribers":37000000},
  {"name":"worldnews","nsfw":false,"subscribers":33000000},
  {"name":"technology","nsfw":false,"subscribers":14000000},
  {"name":"books","nsfw":false,"subscribers":23000000},
  {"name":"music","nsfw":false,"subscribers":33000000},
  {"name":"movies","nsfw":false,"subscribers":31000000},
  {"name":"television","nsfw":false,"subscribers":18000000},
  {"name":"space","nsfw":false,"subscribers":23000000},
  {"name":"history","nsfw":false,"subscribers":11500000},
  {"name":"art","nsfw":false,"subscribers":22000000},
  {"name":"food","nsfw":false,"subscribers":23000000},
  {"name":"DIY","nsfw":false,"subscribers":19000000},
  {"name":"fitness","nsfw":false,"subscribers":10000000},
  {"name":"personalfinance","nsfw":false,"subscribers":17000000},
  {"name":"lifehacks","nsfw":false,"subscribers":18000000},
  {"name":"photography","nsfw":false,"subscribers":20000000},
  {"name":"nature","nsfw":false,"subscribers":8000000},
  {"name":"travel","nsfw":false,"subscribers":12000000},
  {"name":"dataisbeautiful","nsfw":false,"subscribers":18000000},
  {"name":"askscience","nsfw":false,"subscribers":20000000},
  {"name":"explainlikeimfive","nsfw":false,"subscribers":22000000},
  {"name":"outoftheloop","nsfw":false,"subscribers":3500000},
  {"name":"nostupidquestions","nsfw":false,"subscribers":3000000},
  {"name":"mildlyinteresting","nsfw":false,"subscribers":20000000},
  {"name":"interestingasfuck","nsfw":false,"subscribers":9500000},
  {"name":"damnthatsinteresting","nsfw":false,"subscribers":6000000},
  {"name":"nextfuckinglevel","nsfw":false,"subscribers":5500000},
  {"name":"oddlysatisfying","nsfw":false,"subscribers":7500000},
  {"name":"wholesomememes","nsfw":false,"subscribers":14500000},
  {"name":"memes","nsfw":false,"subscribers":19000000},
  {"name":"dankmemes","nsfw":false,"subscribers":5500000},
  {"name":"me_irl","nsfw":false,"subscribers":4300000},
  {"name":"prequelmemes","nsfw":false,"subscribers":2000000},
  {"name":"lotrmemes","nsfw":false,"subscribers":1100000},
  {"name":"historymemes","nsfw":false,"subscribers":2500000},
  {"name":"programming","nsfw":false,"subscribers":4200000},
  {"name":"javascript","nsfw":false,"subscribers":2500000},
  {"name":"python","nsfw":false,"subscribers":2200000},
  {"name":"rust","nsfw":false,"subscribers":1800000},
  {"name":"cpp","nsfw":false,"subscribers":1200000},
  {"name":"gamedev","nsfw":false,"subscribers":900000},
  {"name":"webdev","nsfw":false,"subscribers":1000000},
  {"name":"machinelearning","nsfw":false,"subscribers":2500000},
  {"name":"datascience","nsfw":false,"subscribers":900000},
  {"name":"privacy","nsfw":false,"subscribers":800000},
  {"name":"linux","nsfw":false,"subscribers":800000},
  {"name":"windows","nsfw":false,"subscribers":700000},
  {"name":"apple","nsfw":false,"subscribers":600000},
  {"name":"android","nsfw":false,"subscribers":2500000},
  {"name":"ios","nsfw":false,"subscribers":900000},
  {"name":"hardware","nsfw":false,"subscribers":1200000},
  {"name":"buildapc","nsfw":false,"subscribers":7000000},
  {"name":"pcmasterrace","nsfw":false,"subscribers":7000000},
  {"name":"mechanicalkeyboards","nsfw":false,"subscribers":900000},
  {"name":"headphones","nsfw":false,"subscribers":700000},
  {"name":"audiophile","nsfw":false,"subscribers":600000},
  {"name":"chess","nsfw":false,"subscribers":700000},
  {"name":"boardgames","nsfw":false,"subscribers":4000000},
  {"name":"anime","nsfw":false,"subscribers":3000000},
  {"name":"manga","nsfw":false,"subscribers":2000000},
  {"name":"onepiece","nsfw":false,"subscribers":1500000},
  {"name":"naruto","nsfw":false,"subscribers":1500000},
  {"name":"bleach","nsfw":false,"subscribers":800000},
  {"name":"japan","nsfw":false,"subscribers":600000},
  {"name":"korea","nsfw":false,"subscribers":500000},
  {"name":"china","nsfw":false,"subscribers":700000},
  {"name":"india","nsfw":false,"subscribers":1400000},
  {"name":"europe","nsfw":false,"subscribers":800000},
  {"name":"unitedkingdom","nsfw":false,"subscribers":600000},
  {"name":"canada","nsfw":false,"subscribers":900000},
  {"name":"australia","nsfw":false,"subscribers":800000},
  {"name":"brasil","nsfw":false,"subscribers":400000},
  {"name":"russia","nsfw":false,"subscribers":300000},
  {"name":"askhistorians","nsfw":false,"subscribers":1800000},
  {"name":"askphilosophy","nsfw":false,"subscribers":800000},
  {"name":"philosophy","nsfw":false,"subscribers":1700000},
  {"name":"psychology","nsfw":false,"subscribers":1200000},
  {"name":"relationships","nsfw":false,"subscribers":3000000},
  {"name":"parenting","nsfw":false,"subscribers":800000},
  {"name":"decidingtobebetter","nsfw":false,"subscribers":700000},
  {"name":"getdisciplined","nsfw":false,"subscribers":1000000},
  {"name":"productivity","nsfw":false,"subscribers":1500000},
  {"name":"minimalism","nsfw":false,"subscribers":1200000},
  {"name":"simpleliving","nsfw":false,"subscribers":800000},
  {"name":"anticonsumption","nsfw":false,"subscribers":400000},
  {"name":"frugal","nsfw":false,"subscribers":2000000},
  {"name":"bifl","nsfw":false,"subscribers":700000},
  {"name":"buyitforlife","nsfw":false,"subscribers":1000000},
  {"name":"malefashionadvice","nsfw":false,"subscribers":5500000},
  {"name":"femalefashionadvice","nsfw":false,"subscribers":3000000},
  {"name":"streetwear","nsfw":false,"subscribers":4000000},
  {"name":"watches","nsfw":false,"subscribers":1500000},
  {"name":"sneakers","nsfw":false,"subscribers":2000000},
  {"name":"tattoos","nsfw":false,"subscribers":2000000},
  {"name":"houseplants","nsfw":false,"subscribers":2500000},
  {"name":"gardening","nsfw":false,"subscribers":4000000},
  {"name":"woodworking","nsfw":false,"subscribers":2000000},
  {"name":"knitting","nsfw":false,"subscribers":500000},
  {"name":"crochet","nsfw":false,"subscribers":600000},
  {"name":"sewing","nsfw":false,"subscribers":700000},
  {"name":"3dprinting","nsfw":false,"subscribers":800000},
  {"name":"arduino","nsfw":false,"subscribers":600000},
  {"name":"raspberrypi","nsfw":false,"subscribers":2500000},
  {"name":"electricians","nsfw":false,"subscribers":800000},
  {"name":"homeimprovement","nsfw":false,"subscribers":2000000},
  {"name":"woodworking","nsfw":false,"subscribers":2000000},
  {"name":"carpentry","nsfw":false,"subscribers":300000},
  {"name":"blacksmith","nsfw":false,"subscribers":200000},
  {"name":"welding","nsfw":false,"subscribers":400000},
  {"name":"knives","nsfw":false,"subscribers":300000},
  {"name":"lockpicking","nsfw":false,"subscribers":300000},
  {"name":"astrophotography","nsfw":false,"subscribers":800000},
  {"name":"telescopes","nsfw":false,"subscribers":200000},
  {"name":"cars","nsfw":false,"subscribers":3500000},
  {"name":"carscirclejerk","nsfw":false,"subscribers":200000},
  {"name":"mechanicadvice","nsfw":false,"subscribers":300000},
  {"name":"motorcycles","nsfw":false,"subscribers":2000000},
  {"name":"bicycling","nsfw":false,"subscribers":1000000},
  {"name":"running","nsfw":false,"subscribers":2000000},
  {"name":"swimming","nsfw":false,"subscribers":200000},
  {"name":"bodyweightfitness","nsfw":false,"subscribers":2500000},
  {"name":"homegym","nsfw":false,"subscribers":400000},
  {"name":"vegan","nsfw":false,"subscribers":800000},
  {"name":"vegetarian","nsfw":false,"subscribers":400000},
  {"name":"keto","nsfw":false,"subscribers":3000000},
  {"name":"paleo","nsfw":false,"subscribers":300000},
  {"name":"mediterraneandiet","nsfw":false,"subscribers":200000},
  {"name":"baking","nsfw":false,"subscribers":4000000},
  {"name":"breadit","nsfw":false,"subscribers":800000},
  {"name":"pizza","nsfw":false,"subscribers":800000},
  {"name":"sushi","nsfw":false,"subscribers":200000},
  {"name":"ramen","nsfw":false,"subscribers":300000},
  {"name":"spicy","nsfw":false,"subscribers":400000},
  {"name":"coffee","nsfw":false,"subscribers":800000},
  {"name":"tea","nsfw":false,"subscribers":400000},
  {"name":"beer","nsfw":false,"subscribers":800000},
  {"name":"wine","nsfw":false,"subscribers":400000},
  {"name":"bourbon","nsfw":false,"subscribers":200000},
  {"name":"scotch","nsfw":false,"subscribers":300000},
  {"name":"cocktails","nsfw":false,"subscribers":800000},
  {"name":"drunk","nsfw":false,"subscribers":400000},
  {"name":"trees","nsfw":false,"subscribers":1500000},
  {"name":"marijuanaenthusiasts","nsfw":false,"subscribers":400000},
  {"name":"lsd","nsfw":false,"subscribers":500000},
  {"name":"psychedelics","nsfw":false,"subscribers":200000},
  {"name":"nootropics","nsfw":false,"subscribers":400000},
  {"name":"meditation","nsfw":false,"subscribers":800000},
  {"name":"yoga","nsfw":false,"subscribers":600000},
  {"name":"runningcirclejerk","nsfw":false,"subscribers":100000},
  {"name":"programmerhumor","nsfw":false,"subscribers":2800000},
  {"name":"softwaregore","nsfw":false,"subscribers":1500000},
  {"name":"crappydesign","nsfw":false,"subscribers":2500000},
  {"name":"designporn","nsfw":false,"subscribers":1000000},
  {"name":"architecture","nsfw":false,"subscribers":2000000},
  {"name":"urbanplanning","nsfw":false,"subscribers":400000},
  {"name":"cityporn","nsfw":false,"subscribers":1500000},
  {"name":"earthporn","nsfw":false,"subscribers":22000000},
  {"name":"spaceporn","nsfw":false,"subscribers":2000000},
  {"name":"skyporn","nsfw":false,"subscribers":400000},
  {"name":"weatherporn","nsfw":false,"subscribers":200000},
  {"name":"abandonedporn","nsfw":false,"subscribers":1500000},
  {"name":"desirepath","nsfw":false,"subscribers":600000},
  {"name":"mapporn","nsfw":false,"subscribers":1500000},
  {"name":"dataisbeautiful","nsfw":false,"subscribers":18000000},
  {"name":"infographics","nsfw":false,"subscribers":400000},
  {"name":"educationalgifs","nsfw":false,"subscribers":2000000},
  {"name":"howto","nsfw":false,"subscribers":800000},
  {"name":"diytutorials","nsfw":false,"subscribers":200000},
  {"name":"learnpython","nsfw":false,"subscribers":600000},
  {"name":"learnprogramming","nsfw":false,"subscribers":3500000},
  {"name":"learnjavascript","nsfw":false,"subscribers":500000},
  {"name":"gamedesign","nsfw":false,"subscribers":200000},
  {"name":"boardgamedesign","nsfw":false,"subscribers":100000},
  {"name":"writingprompts","nsfw":false,"subscribers":15000000},
  {"name":"worldbuilding","nsfw":false,"subscribers":800000},
  {"name":"conlangs","nsfw":false,"subscribers":200000},
  {"name":"calligraphy","nsfw":false,"subscribers":400000},
  {"name":"typography","nsfw":false,"subscribers":300000},
  {"name":"graphic_design","nsfw":false,"subscribers":800000},
  {"name":"logodesign","nsfw":false,"subscribers":200000},
  {"name":"userexperience","nsfw":false,"subscribers":200000},
  {"name":"industrialdesign","nsfw":false,"subscribers":300000},
  {"name":"architectureporn","nsfw":false,"subscribers":500000},
  {"name":"interiordesign","nsfw":false,"subscribers":1000000},
  {"name":"malelivingspace","nsfw":false,"subscribers":600000},
  {"name":"femalelivingspace","nsfw":false,"subscribers":200000},
  {"name":"battlestations","nsfw":false,"subscribers":2000000},
  {"name":"mechanicalpencils","nsfw":false,"subscribers":100000},
  {"name":"pens","nsfw":false,"subscribers":200000},
  {"name":"fountainpens","nsfw":false,"subscribers":400000},
  {"name":"notebooks","nsfw":false,"subscribers":200000},
  {"name":"journaling","nsfw":false,"subscribers":200000},
  {"name":"bujo","nsfw":false,"subscribers":800000},
  {"name":"sketches","nsfw":false,"subscribers":200000},
  {"name":"doodles","nsfw":false,"subscribers":400000},
  {"name":"pixelart","nsfw":false,"subscribers":800000},
  {"name":"blender","nsfw":false,"subscribers":800000},
  {"name":"low_poly","nsfw":false,"subscribers":200000},
  {"name":"voxel","nsfw":false,"subscribers":100000},
  {"name":"photoshopbattles","nsfw":false,"subscribers":17000000},
  {"name":"comedyheaven","nsfw":false,"subscribers":2000000},
  {"name":"okbuddyretard","nsfw":false,"subscribers":800000},
  {"name":"surrealmemes","nsfw":false,"subscribers":1000000},
  {"name":"bonehurtingjuice","nsfw":false,"subscribers":800000},
  {"name":"deepfriedmemes","nsfw":false,"subscribers":1000000},
  {"name":"nukedmemes","nsfw":false,"subscribers":200000},
  {"name":"shitposting","nsfw":false,"subscribers":2000000},
  {"name":"196","nsfw":false,"subscribers":800000},
  {"name":"greentext","nsfw":false,"subscribers":600000},
  {"name":"4chan","nsfw":false,"subscribers":800000},
  {"name":"greentexts","nsfw":false,"subscribers":400000},
  {"name":"tendies","nsfw":false,"subscribers":200000},
  {"name":"copypasta","nsfw":false,"subscribers":1000000},
  {"name":"emojipasta","nsfw":false,"subscribers":100000},
  {"name":"ihadastroke","nsfw":false,"subscribers":800000},
  {"name":"engrish","nsfw":false,"subscribers":600000},
  {"name":"softwaregore","nsfw":false,"subscribers":1500000},
  {"name":"technope","nsfw":false,"subscribers":200000},
  {"name":"pegging","nsfw":true,"subscribers":500000},
  {"name":"gonewild","nsfw":true,"subscribers":4200000},
  {"name":"gonewild30plus","nsfw":true,"subscribers":600000},
  {"name":"gonewild18","nsfw":true,"subscribers":400000},
  {"name":"gonewildcurvy","nsfw":true,"subscribers":800000},
  {"name":"gonewildplus","nsfw":true,"subscribers":300000},
  {"name":"gonewildchubby","nsfw":true,"subscribers":200000},
  {"name":"gonewildcouples","nsfw":true,"subscribers":200000},
  {"name":"gonewildaudio","nsfw":true,"subscribers":400000},
  {"name":"gonewildstories","nsfw":true,"subscribers":300000},
  {"name":"gonewildsmiles","nsfw":true,"subscribers":100000},
  {"name":"gonewildnerdy","nsfw":true,"subscribers":100000},
  {"name":"gonewildcolor","nsfw":true,"subscribers":100000},
  {"name":"gonewilder","nsfw":true,"subscribers":50000},
  {"name":"asstastic","nsfw":true,"subscribers":800000},
  {"name":"realgirls","nsfw":true,"subscribers":3200000},
  {"name":"amateur","nsfw":true,"subscribers":2000000},
  {"name":"nextdoorasians","nsfw":true,"subscribers":200000},
  {"name":"asianhotties","nsfw":true,"subscribers":600000},
  {"name":"asiansgonewild","nsfw":true,"subscribers":400000},
  {"name":"indiansgonewild","nsfw":true,"subscribers":200000},
  {"name":"latinasgw","nsfw":true,"subscribers":200000},
  {"name":"ebony","nsfw":true,"subscribers":400000},
  {"name":"blackchickswhitedicks","nsfw":true,"subscribers":300000},
  {"name":"palegirls","nsfw":true,"subscribers":400000},
  {"name":"ginger","nsfw":true,"subscribers":300000},
  {"name":"redhead","nsfw":true,"subscribers":400000},
  {"name":"brunette","nsfw":true,"subscribers":200000},
  {"name":"blonde","nsfw":true,"subscribers":200000},
  {"name":"petitegonewild","nsfw":true,"subscribers":800000},
  {"name":"legalteens","nsfw":true,"subscribers":2300000},
  {"name":"collegesluts","nsfw":true,"subscribers":1200000},
  {"name":"cheerleaders","nsfw":true,"subscribers":200000},
  {"name":"fitgirls","nsfw":true,"subscribers":400000},
  {"name":"hardbodies","nsfw":true,"subscribers":300000},
  {"name":"yogapants","nsfw":true,"subscribers":900000},
  {"name":"tightdresses","nsfw":true,"subscribers":500000},
  {"name":"upskirt","nsfw":true,"subscribers":400000},
  {"name":"voyeur","nsfw":true,"subscribers":300000},
  {"name":"publicflashing","nsfw":true,"subscribers":300000},
  {"name":"holdthemoan","nsfw":true,"subscribers":1200000},
  {"name":"gwcumsluts","nsfw":true,"subscribers":400000},
  {"name":"cumsluts","nsfw":true,"subscribers":2300000},
  {"name":"facial","nsfw":true,"subscribers":500000},
  {"name":"bukkake","nsfw":true,"subscribers":200000},
  {"name":"deepthroat","nsfw":true,"subscribers":800000},
  {"name":"facefuck","nsfw":true,"subscribers":300000},
  {"name":"gag_spit","nsfw":true,"subscribers":100000},
  {"name":"blowjobs","nsfw":true,"subscribers":400000},
  {"name":"blowjob","nsfw":true,"subscribers":300000},
  {"name":"blowjobsandwich","nsfw":true,"subscribers":200000},
  {"name":"blowjob_eyes","nsfw":true,"subscribers":200000},
  {"name":"blowjob_gifs","nsfw":true,"subscribers":200000},
  {"name":"blowjob_lovers","nsfw":true,"subscribers":100000},
  {"name":"handjob","nsfw":true,"subscribers":200000},
  {"name":"titfuck","nsfw":true,"subscribers":400000},
  {"name":"boobies","nsfw":true,"subscribers":500000},
  {"name":"boobs","nsfw":true,"subscribers":1000000},
  {"name":"biggerthanyouthought","nsfw":true,"subscribers":1000000},
  {"name":"hugeboobs","nsfw":true,"subscribers":400000},
  {"name":"bigboobs","nsfw":true,"subscribers":1000000},
  {"name":"tinytits","nsfw":true,"subscribers":700000},
  {"name":"aa_cups","nsfw":true,"subscribers":200000},
  {"name":"flatchests","nsfw":true,"subscribers":200000},
  {"name":"puffies","nsfw":true,"subscribers":200000},
  {"name":"areolas","nsfw":true,"subscribers":100000},
  {"name":"nipples","nsfw":true,"subscribers":300000},
  {"name":"pokies","nsfw":true,"subscribers":200000},
  {"name":"downblouse","nsfw":true,"subscribers":200000},
  {"name":"topless","nsfw":true,"subscribers":200000},
  {"name":"beach","nsfw":true,"subscribers":200000},
  {"name":"bikinis","nsfw":true,"subscribers":200000},
  {"name":"nsfw_bikinis","nsfw":true,"subscribers":100000},
  {"name":"wickedweasel","nsfw":true,"subscribers":50000},
  {"name":"microbikini","nsfw":true,"subscribers":100000},
  {"name":"ass","nsfw":true,"subscribers":1100000},
  {"name":"asstastic","nsfw":true,"subscribers":800000},
  {"name":"paag","nsfw":true,"subscribers":400000},
  {"name":"booty","nsfw":true,"subscribers":400000},
  {"name":"bubblebutts","nsfw":true,"subscribers":300000},
  {"name":"bigasses","nsfw":true,"subscribers":400000},
  {"name":"smallass","nsfw":true,"subscribers":100000},
  {"name":"asshole","nsfw":true,"subscribers":400000},
  {"name":"buttplug","nsfw":true,"subscribers":300000},
  {"name":"anal","nsfw":true,"subscribers":2500000},
  {"name":"anal_gifs","nsfw":true,"subscribers":300000},
  {"name":"anal_porn","nsfw":true,"subscribers":200000},
  {"name":"ass_to_ass","nsfw":true,"subscribers":100000},
  {"name":"ass_to_mouth","nsfw":true,"subscribers":200000},
  {"name":"doubleanal","nsfw":true,"subscribers":100000},
  {"name":"painal","nsfw":true,"subscribers":200000},
  {"name":"firstanal","nsfw":true,"subscribers":100000},
  {"name":"analwreakage","nsfw":true,"subscribers":50000},
  {"name":"masterofanal","nsfw":true,"subscribers":100000},
  {"name":"pussy","nsfw":true,"subscribers":1500000},
  {"name":"pussypics","nsfw":true,"subscribers":200000},
  {"name":"pussypump","nsfw":true,"subscribers":100000},
  {"name":"innie","nsfw":true,"subscribers":300000},
  {"name":"outie","nsfw":true,"subscribers":100000},
  {"name":"labia","nsfw":true,"subscribers":200000},
  {"name":"bigclit","nsfw":true,"subscribers":100000},
  {"name":"clit","nsfw":true,"subscribers":100000},
  {"name":"grool","nsfw":true,"subscribers":600000},
  {"name":"wetpussy","nsfw":true,"subscribers":200000},
  {"name":"shavedpussies","nsfw":true,"subscribers":200000},
  {"name":"hairy","nsfw":true,"subscribers":300000},
  {"name":"hairy_pussy","nsfw":true,"subscribers":100000},
  {"name":"hairypussy","nsfw":true,"subscribers":200000},
  {"name":"redheads","nsfw":true,"subscribers":400000},
  {"name":"gingerpussy","nsfw":true,"subscribers":100000},
  {"name":"spreadeagle","nsfw":true,"subscribers":200000},
  {"name":"spreadpussy","nsfw":true,"subscribers":100000},
  {"name":"girlsinyogapants","nsfw":true,"subscribers":900000},
  {"name":"tight_shorts","nsfw":true,"subscribers":200000},
  {"name":"legs","nsfw":true,"subscribers":300000},
  {"name":"thighhighs","nsfw":true,"subscribers":800000},
  {"name":"stockings","nsfw":true,"subscribers":400000},
  {"name":"garterbelt","nsfw":true,"subscribers":100000},
  {"name":"lingeriewomen","nsfw":true,"subscribers":100000},
  {"name":"lingerie","nsfw":true,"subscribers":400000},
  {"name":"corsets","nsfw":true,"subscribers":100000},
  {"name":"collarbone","nsfw":true,"subscribers":50000},
  {"name":"necklace","nsfw":true,"subscribers":30000},
  {"name":"tummies","nsfw":true,"subscribers":200000},
  {"name":"hipbones","nsfw":true,"subscribers":100000},
  {"name":"waist","nsfw":true,"subscribers":100000},
  {"name":"bellybutton","nsfw":true,"subscribers":100000},
  {"name":"abs","nsfw":true,"subscribers":200000},
  {"name":"fitnessgirls","nsfw":true,"subscribers":200000},
  {"name":"girlsinyogapants","nsfw":true,"subscribers":900000},
  {"name":"girlsinstripedsocks","nsfw":true,"subscribers":100000},
  {"name":"girlsinanklets","nsfw":true,"subscribers":50000},
  {"name":"girlsinhoodies","nsfw":true,"subscribers":200000},
  {"name":"girlsinleggings","nsfw":true,"subscribers":200000},
  {"name":"girlsinwrup","nsfw":true,"subscribers":50000},
  {"name":"girlsinjeans","nsfw":true,"subscribers":100000},
  {"name":"girlsinshorts","nsfw":true,"subscribers":100000},
  {"name":"girlsinminiskirts","nsfw":true,"subscribers":100000},
  {"name":"girlsintube","nsfw":true,"subscribers":50000},
  {"name":"girlsintights","nsfw":true,"subscribers":100000},
  {"name":"girlsinleather","nsfw":true,"subscribers":50000},
  {"name":"girlsinlatex","nsfw":true,"subscribers":50000},
  {"name":"girlsinpvc","nsfw":true,"subscribers":30000},
  {"name":"girlsinmesh","nsfw":true,"subscribers":30000},
  {"name":"girlsinsee-through","nsfw":true,"subscribers":50000},
  {"name":"girlsinwetclothes","nsfw":true,"subscribers":100000},
  {"name":"wetfetish","nsfw":true,"subscribers":100000},
  {"name":"showergirls","nsfw":true,"subscribers":100000},
  {"name":"bathgirls","nsfw":true,"subscribers":50000},
  {"name":"girlsinbathtubs","nsfw":true,"subscribers":50000},
  {"name":"girlsinkneesocks","nsfw":true,"subscribers":100000},
  {"name":"girlsinankletsocks","nsfw":true,"subscribers":30000},
  {"name":"girlsinoverknees","nsfw":true,"subscribers":50000},
  {"name":"girlsinsocks","nsfw":true,"subscribers":200000},
  {"name":"girlsinwhitesocks","nsfw":true,"subscribers":50000},
  {"name":"girlsinblacksocks","nsfw":true,"subscribers":30000},
  {"name":"girlsinstripedsocks","nsfw":true,"subscribers":100000},
  {"name":"girlsinpolkadotsocks","nsfw":true,"subscribers":20000},
  {"name":"girlsinrainbowsocks","nsfw":true,"subscribers":10000},
  {"name":"girlsinanklets","nsfw":true,"subscribers":50000},
  {"name":"girlsinbracelets","nsfw":true,"subscribers":30000},
  {"name":"girlsinwatches","nsfw":true,"subscribers":10000},
  {"name":"girlsinrings","nsfw":true,"subscribers":10000},
  {"name":"girlsinpiercings","nsfw":true,"subscribers":50000},
  {"name":"girlsintattoos","nsfw":true,"subscribers":100000},
  {"name":"girlsinmakeup","nsfw":true,"subscribers":50000},
  {"name":"girlsinlipstick","nsfw":true,"subscribers":30000},
  {"name":"girlsinnails","nsfw":true,"subscribers":20000},
  {"name":"girlsinhairstyles","nsfw":true,"subscribers":30000},
  {"name":"girlsinglasses","nsfw":true,"subscribers":300000},
  {"name":"girlsinsunglasses","nsfw":true,"subscribers":20000},
  {"name":"girlsincontacts","nsfw":true,"subscribers":10000},
  {"name":"girlsinwigs","nsfw":true,"subscribers":10000},
  {"name":"girlsinmasks","nsfw":true,"subscribers":20000},
  {"name":"girlsinblindfolds","nsfw":true,"subscribers":50000},
  {"name":"girlsinhandcuffs","nsfw":true,"subscribers":30000},
  {"name":"girlsinrope","nsfw":true,"subscribers":50000},
  {"name":"girlsinchains","nsfw":true,"subscribers":20000},
  {"name":"girlsincollars","nsfw":true,"subscribers":50000},
  {"name":"girlsinleashes","nsfw":true,"subscribers":30000},
  {"name":"girlsinbondage","nsfw":true,"subscribers":200000},
  {"name":"bdsm","nsfw":true,"subscribers":1000000},
  {"name":"bdsmcommunity","nsfw":true,"subscribers":200000},
  {"name":"bdsm_gw","nsfw":true,"subscribers":100000},
  {"name":"bondage","nsfw":true,"subscribers":400000},
  {"name":"shibari","nsfw":true,"subscribers":100000},
  {"name":"kinbaku","nsfw":true,"subscribers":50000},
  {"name":"ropeart","nsfw":true,"subscribers":30000},
  {"name":"tiedup","nsfw":true,"subscribers":100000},
  {"name":"tiedupgirls","nsfw":true,"subscribers":50000},
  {"name":"tiedupandfucked","nsfw":true,"subscribers":100000},
  {"name":"tiedupandused","nsfw":true,"subscribers":50000},
  {"name":"tiedupandhelpless","nsfw":true,"subscribers":50000},
  {"name":"tiedupandready","nsfw":true,"subscribers":30000},
  {"name":"tiedupandwaiting","nsfw":true,"subscribers":20000},
  {"name":"tiedupandpunished","nsfw":true,"subscribers":20000},
  {"name":"tiedupandpleasured","nsfw":true,"subscribers":20000},
  {"name":"tiedupanddenied","nsfw":true,"subscribers":10000},
  {"name":"tiedupandteased","nsfw":true,"subscribers":20000},
  {"name":"tiedupandtortured","nsfw":true,"subscribers":10000},
  {"name":"tiedupandtormented","nsfw":true,"subscribers":10000},
  {"name":"tiedupandtickled","nsfw":true,"subscribers":5000},
  {"name":"tiedupandwhipped","nsfw":true,"subscribers":10000},
  {"name":"tiedupandspanked","nsfw":true,"subscribers":10000},
  {"name":"tiedupandcaned","nsfw":true,"subscribers":5000},
  {"name":"tiedupandflogged","nsfw":true,"subscribers":5000},
  {"name":"tiedupandelectro","nsfw":true,"subscribers":5000},
  {"name":"tiedupandclamped","nsfw":true,"subscribers":5000},
  {"name":"tiedupandweighted","nsfw":true,"subscribers":5000},
  {"name":"tiedupandstretched","nsfw":true,"subscribers":5000},
  {"name":"tiedupandsuspended","nsfw":true,"subscribers":5000},
  {"name":"tiedupandhogtied","nsfw":true,"subscribers":5000},
  {"name":"tiedupandspreadeagle","nsfw":true,"subscribers":5000},
  {"name":"tiedupandspread","nsfw":true,"subscribers":10000},
  {"name":"tiedupandopen","nsfw":true,"subscribers":5000},
  {"name":"tiedupandvulnerable","nsfw":true,"subscribers":5000},
  {"name":"tiedupandexposed","nsfw":true,"subscribers":5000},
  {"name":"tiedupanddisplayed","nsfw":true,"subscribers":5000},
  {"name":"tiedupandpresented","nsfw":true,"subscribers":5000},
  {"name":"tiedupandoffered","nsfw":true,"subscribers":5000},
  {"name":"tiedupandgiven","nsfw":true,"subscribers":5000},
  {"name":"tiedupandshared","nsfw":true,"subscribers":5000},
  {"name":"tiedupandtraded","nsfw":true,"subscribers":5000},
  {"name":"tiedupandsold","nsfw":true,"subscribers":5000},
  {"name":"tiedupandrented","nsfw":true,"subscribers":5000},
  {"name":"tiedupandloaned","nsfw":true,"subscribers":5000},
  {"name":"tiedupandlent","nsfw":true,"subscribers":5000},
  {"name":"tiedupandborrowed","nsfw":true,"subscribers":5000},
  {"name":"tiedupandkept","nsfw":true,"subscribers":5000},
  {"name":"tiedupandowned","nsfw":true,"subscribers":5000},
  {"name":"tiedupandpossessed","nsfw":true,"subscribers":5000},
  {"name":"tiedupandcontrolled","nsfw":true,"subscribers":5000},
  {"name":"tiedupanddominated","nsfw":true,"subscribers":5000},
  {"name":"tiedupandsubmitted","nsfw":true,"subscribers":5000},
  {"name":"tiedupandenslaved","nsfw":true,"subscribers":5000},
  {"name":"tiedupandcaptivated","nsfw":true,"subscribers":5000},
  {"name":"tiedupandimprisoned","nsfw":true,"subscribers":5000},
  {"name":"tiedupandconfined","nsfw":true,"subscribers":5000},
  {"name":"tiedupandrestricted","nsfw":true,"subscribers":5000},
  {"name":"tiedupandlimited","nsfw":true,"subscribers":5000},
  {"name":"tiedupandbound","nsfw":true,"subscribers":10000},
  {"name":"tiedupandtied","nsfw":true,"subscribers":5000},
  {"name":"tiedupandknotted","nsfw":true,"subscribers":5000},
  {"name":"tiedupandhitched","nsfw":true,"subscribers":5000},
  {"name":"tiedupandlashed","nsfw":true,"subscribers":5000},
  {"name":"tiedupandstrapped","nsfw":true,"subscribers":5000},
  {"name":"tiedupandbelted","nsfw":true,"subscribers":5000},
  {"name":"tiedupandbuckled","nsfw":true,"subscribers":5000},
  {"name":"tiedupandclipped","nsfw":true,"subscribers":5000},
  {"name":"tiedupandhooked","nsfw":true,"subscribers":5000},
  {"name":"tiedupandlatched","nsfw":true,"subscribers":5000},
  {"name":"tiedupandlocked","nsfw":true,"subscribers":5000},
  {"name":"tiedupandsealed","nsfw":true,"subscribers":5000},
  {"name":"tiedupandzipped","nsfw":true,"subscribers":5000},
  {"name":"tiedupandbuttoned","nsfw":true,"subscribers":5000},
  {"name":"tiedupandfastened","nsfw":true,"subscribers":5000},
  {"name":"tiedupandsecured","nsfw":true,"subscribers":5000},
  {"name":"tiedupandfixed","nsfw":true,"subscribers":5000},
  {"name":"tiedupandattached","nsfw":true,"subscribers":5000},
  {"name":"tiedupandconnected","nsfw":true,"subscribers":5000},
  {"name":"tiedupandlinked","nsfw":true,"subscribers":5000},
  {"name":"tiedupandcoupled","nsfw":true,"subscribers":5000},
  {"name":"tiedupandpaired","nsfw":true,"subscribers":5000},
  {"name":"tiedupandmatched","nsfw":true,"subscribers":5000},
  {"name":"tiedupandjoined","nsfw":true,"subscribers":5000},
  {"name":"tiedupandunited","nsfw":true,"subscribers":5000},
  {"name":"tiedupandcombined","nsfw":true,"subscribers":5000},
  {"name":"tiedupandmerged","nsfw":true,"subscribers":5000},
  {"name":"tiedupandfused","nsfw":true,"subscribers":5000},
  {"name":"tiedupandblended","nsfw":true,"subscribers":5000},
  {"name":"tiedupandmixed","nsfw":true,"subscribers":5000},
  {"name":"tiedupandintegrated","nsfw":true,"subscribers":5000},
  {"name":"tiedupandsynthesized","nsfw":true,"subscribers":5000},
  {"name":"tiedupandmerged","nsfw":true,"subscribers":5000},
  {"name":"tiedupandamalgamated","nsfw":true,"subscribers":5000},
  {"name":"tiedupandconsolidated","nsfw":true,"subscribers":5000},
  {"name":"tiedupandcentralized","nsfw":true,"subscribers":5000},
  {"name":"tiedupandfocused","nsfw":true,"subscribers":5000},
  {"name":"tiedupandconcentrated","nsfw":true,"subscribers":5000},
  {"name":"tiedupandgathered","nsfw":true,"subscribers":5000},
  {"name":"tiedupandcollected","nsfw":true,"subscribers":5000},
  {"name":"tiedupandassembled","nsfw":true,"subscribers":5000},
  {"name":"tiedupandbrought","nsfw":true,"subscribers":5000},
  {"name":"tiedupanddragged","nsfw":true,"subscribers":5000},
  {"name":"tiedupandcarried","nsfw":true,"subscribers":5000},
  {"name":"tiedupandtransported","nsfw":true,"subscribers":5000},
  {"name":"tiedupandmoved","nsfw":true,"subscribers":5000},
  {"name":"tiedupandshifted","nsfw":true,"subscribers":5000},
  {"name":"tiedupandtransferred","nsfw":true,"subscribers":5000},
  {"name":"tiedupandrelocated","nsfw":true,"subscribers":5000}
  ]
